epoch,time,train/box_loss,train/cls_loss,train/dfl_loss,metrics/precision(B),metrics/recall(B),metrics/mAP50(B),metrics/mAP50-95(B),val/box_loss,val/cls_loss,val/dfl_loss,lr/pg0,lr/pg1,lr/pg2
1,3.59083,1.65225,3.50544,1.23637,0.01643,0.90909,0.18661,0.127,1.65153,3.21995,1.35805,1.667e-05,1.667e-05,1.667e-05
2,4.05642,1.71797,3.52798,1.36039,0.0154,0.90909,0.19699,0.12786,1.65106,3.22071,1.35913,4.97625e-05,4.97625e-05,4.97625e-05
3,4.48849,1.78866,3.41664,1.36974,0.01505,0.95455,0.1038,0.07786,1.50175,3.22524,1.30335,8.25248e-05,8.25248e-05,8.25248e-05
4,4.93899,1.6104,3.2946,1.3169,0.01485,1,0.26233,0.15455,1.23003,3.16732,1.13994,0.000114957,0.000114957,0.000114957
5,5.39858,1.27488,3.11335,1.09018,0.01415,1,0.59996,0.42191,0.99651,2.9614,0.97657,0.000147059,0.000147059,0.000147059
6,5.86348,1.25457,2.69417,1.03813,0.01346,1,0.71026,0.507,1.02667,2.84556,0.95986,0.000178832,0.000178832,0.000178832
7,6.32066,1.20062,2.08107,1.00866,0.01336,1,0.66615,0.48979,1.0358,2.66775,0.95533,0.000210274,0.000210274,0.000210274
8,6.76488,1.17989,1.6148,1.03321,0.51054,0.40987,0.65916,0.43319,0.99709,2.48358,0.95649,0.000241386,0.000241386,0.000241386
9,7.16951,1.11248,1.41386,0.99547,0.61548,0.75817,0.65929,0.425,0.98776,2.43092,0.96497,0.000272168,0.000272168,0.000272168
10,7.58344,1.09974,1.34277,1.021,0.53045,0.4995,0.65938,0.43944,0.96615,2.4056,0.96437,0.00030262,0.00030262,0.00030262
11,8.0034,1.18647,1.36356,1.01434,0.85633,0.27273,0.59664,0.41621,0.92635,2.36898,0.9426,0.000332742,0.000332742,0.000332742
12,8.41665,1.06475,1.32476,0.97976,0.86251,0.24093,0.67751,0.5107,0.89025,2.33122,0.91089,0.000362533,0.000362533,0.000362533
13,8.83845,1.04882,1.29164,0.96275,0.52283,0.81363,0.84519,0.61394,0.87707,2.37131,0.89982,0.000391995,0.000391995,0.000391995
14,9.29133,1.14037,1.2684,1.0598,0.01303,1,0.9378,0.70359,0.88423,2.4127,0.89724,0.000421127,0.000421127,0.000421127
15,10.2991,1.08136,1.18968,0.98382,0.01287,1,0.95723,0.74516,0.85907,2.44279,0.89962,0.000449928,0.000449928,0.000449928
16,11.5303,1.08446,1.20138,0.9912,0.01268,1,0.95282,0.70051,0.87232,2.44535,0.91701,0.0004784,0.0004784,0.0004784
17,12.1825,1.07007,1.09924,1.02833,0.02392,1,0.94682,0.69744,0.93817,2.37075,0.93357,0.000506541,0.000506541,0.000506541
18,12.7413,1.05602,1.08975,0.99647,0.94904,0.27273,0.92261,0.64669,1.00061,2.23875,0.94379,0.000534353,0.000534353,0.000534353
19,13.2588,1.01312,1.0834,0.98899,0.93494,0.30516,0.89362,0.64706,1.01821,2.12881,0.94745,0.000561834,0.000561834,0.000561834
20,13.8484,1.05285,1.05084,0.97553,0.9365,0.31309,0.90525,0.65426,0.9836,2.01199,0.91778,0.000588985,0.000588985,0.000588985
21,14.5241,0.9996,0.96532,0.984,0.93711,0.31618,0.9124,0.68497,0.94521,1.94661,0.90661,0.000615806,0.000615806,0.000615806
22,15.5884,1.01625,0.91952,0.97675,0.93824,0.36364,0.95335,0.67253,0.97012,1.96463,0.92069,0.000642298,0.000642298,0.000642298
23,17.0147,1.02064,0.9212,0.97256,0.86041,0.31818,0.89572,0.65176,1.0271,1.9574,0.93899,0.000668459,0.000668459,0.000668459
24,17.7745,1.00756,0.87263,0.96034,0.97616,0.27273,0.88316,0.62123,1.03668,1.94022,0.94179,0.00069429,0.00069429,0.00069429
25,18.7562,1.01774,0.89409,0.96897,0.88862,0.47664,0.9508,0.64107,1.00891,1.88298,0.94016,0.000719791,0.000719791,0.000719791
26,19.8012,0.9978,0.8572,0.97637,0.86309,0.5,0.97625,0.73318,0.93155,1.75241,0.92349,0.000744961,0.000744961,0.000744961
27,20.5201,1.01116,0.85668,0.98846,0.94514,0.82306,0.995,0.72692,0.97561,1.59277,0.93269,0.000769802,0.000769802,0.000769802
28,21.4848,0.9212,0.83206,0.95328,0.94514,0.82306,0.995,0.72692,0.97561,1.59277,0.93269,0.000794313,0.000794313,0.000794313
29,23.0529,0.91965,0.8615,0.95282,0.97629,0.97128,0.995,0.68799,1.0308,1.46538,0.9572,0.000818494,0.000818494,0.000818494
30,23.9159,0.98767,0.86436,0.96744,0.97449,1,0.995,0.71551,1.09493,1.43767,0.99189,0.000842344,0.000842344,0.000842344
31,24.8812,0.98931,0.82518,0.94331,0.97449,1,0.995,0.71551,1.09493,1.43767,0.99189,0.000865865,0.000865865,0.000865865
32,26.1582,0.97101,0.84137,0.95811,1,0.81317,0.995,0.73808,1.11792,1.55991,1.02125,0.000889055,0.000889055,0.000889055
33,26.8407,1.00101,0.86897,1.00763,0.99175,0.78167,0.95,0.70288,1.00322,1.63877,0.98083,0.000911916,0.000911916,0.000911916
34,27.7521,1.01685,0.86312,1.00794,0.99175,0.78167,0.95,0.70288,1.00322,1.63877,0.98083,0.000934446,0.000934446,0.000934446
35,29.351,0.89984,0.7713,0.94219,0.9442,0.90491,0.995,0.72564,1.01945,1.65614,0.96139,0.000956646,0.000956646,0.000956646
36,30.4883,0.94085,0.82789,0.97907,0.94258,0.90073,0.995,0.70214,1.05869,1.58418,1.00952,0.000978516,0.000978516,0.000978516
37,31.6387,1.00399,0.88026,1.00386,0.94258,0.90073,0.995,0.70214,1.05869,1.58418,1.00952,0.00100006,0.00100006,0.00100006
38,33.056,0.98475,0.83093,1.01464,0.95263,0.97978,0.995,0.73238,1.0589,1.557,1.03519,0.00102127,0.00102127,0.00102127
39,33.7676,0.9644,0.83608,0.97737,0.95656,1,0.995,0.73049,1.09724,1.48925,1.09225,0.00104215,0.00104215,0.00104215
40,34.6903,0.8955,0.79656,0.97008,0.95656,1,0.995,0.73049,1.09724,1.48925,1.09225,0.0010627,0.0010627,0.0010627
41,35.8768,0.92216,0.79431,0.96935,0.97598,1,0.995,0.70847,1.15022,1.21322,1.15186,0.00108292,0.00108292,0.00108292
42,36.602,1.00499,0.77781,0.96902,0.97639,0.97776,0.995,0.71247,1.13159,1.0217,1.11053,0.00110281,0.00110281,0.00110281
43,37.5375,0.89668,0.74028,0.94498,0.97639,0.97776,0.995,0.71247,1.13159,1.0217,1.11053,0.00112237,0.00112237,0.00112237
44,38.8434,0.93935,0.80736,0.98473,0.94955,1,0.995,0.70102,1.0898,0.80659,1.11265,0.0011416,0.0011416,0.0011416
45,39.4855,0.91744,0.72474,0.94245,0.94955,1,0.995,0.70102,1.0898,0.80659,1.11265,0.0011605,0.0011605,0.0011605
46,40.4905,0.90021,0.77203,0.92464,0.96923,0.96104,0.995,0.71328,1.09029,0.71985,1.1097,0.00117906,0.00117906,0.00117906
47,41.7449,0.93413,0.83563,0.98072,0.96923,0.96104,0.995,0.71328,1.09029,0.71985,1.1097,0.0011973,0.0011973,0.0011973
48,42.8547,0.84908,0.71813,0.93996,0.96742,0.99159,0.995,0.66878,1.09949,0.70768,1.11681,0.00121521,0.00121521,0.00121521
49,43.8341,0.92103,0.7925,0.97562,0.96742,0.99159,0.995,0.66878,1.09949,0.70768,1.11681,0.00123279,0.00123279,0.00123279
50,44.5491,0.89297,0.72504,0.94777,0.98884,0.97672,0.995,0.65684,1.15017,0.7903,1.15197,0.00125004,0.00125004,0.00125004
51,45.547,0.84224,0.71056,0.95835,0.98884,0.97672,0.995,0.65684,1.15017,0.7903,1.15197,0.00125442,0.00125442,0.00125442
52,46.957,0.90173,0.72765,0.96334,0.89842,0.98659,0.995,0.6911,1.07015,0.87327,1.15025,0.00124617,0.00124617,0.00124617
53,47.6869,0.92897,0.74118,0.94009,0.89842,0.98659,0.995,0.6911,1.07015,0.87327,1.15025,0.00123791,0.00123791,0.00123791
54,48.6943,0.88012,0.7647,0.96616,0.83864,0.96017,0.995,0.70269,1.02991,0.88721,1.14,0.00122966,0.00122966,0.00122966
55,50.295,0.83982,0.72285,0.9634,0.83864,0.96017,0.995,0.70269,1.02991,0.88721,1.14,0.00122141,0.00122141,0.00122141
56,51.064,0.8874,0.73291,0.93668,0.92255,0.96912,0.995,0.72604,0.97982,0.7776,1.12254,0.00121316,0.00121316,0.00121316
57,52.0568,0.79045,0.6797,0.93237,0.92255,0.96912,0.995,0.72604,0.97982,0.7776,1.12254,0.00120491,0.00120491,0.00120491
58,53.3108,0.86337,0.66201,0.95165,0.93949,1,0.995,0.70464,1.10097,0.7528,1.16469,0.00119666,0.00119666,0.00119666
59,54.3314,0.86657,0.73063,0.98031,0.93949,1,0.995,0.70464,1.10097,0.7528,1.16469,0.0011884,0.0011884,0.0011884
60,55.8665,0.90171,0.68043,0.95039,0.94057,1,0.995,0.67712,1.09311,0.7153,1.14274,0.00118015,0.00118015,0.00118015
61,56.6095,0.8288,0.69072,0.96449,0.94057,1,0.995,0.67712,1.09311,0.7153,1.14274,0.0011719,0.0011719,0.0011719
62,57.6964,0.83397,0.65482,0.94752,0.95673,1,0.995,0.71584,1.05851,0.64134,1.14861,0.00116365,0.00116365,0.00116365
63,59.2521,0.83772,0.6471,0.92396,0.95673,1,0.995,0.71584,1.05851,0.64134,1.14861,0.0011554,0.0011554,0.0011554
64,60.1196,0.89167,0.68995,0.95161,0.9595,1,0.995,0.76008,1.0407,0.63237,1.12736,0.00114715,0.00114715,0.00114715
65,61.2614,0.84984,0.68153,0.95774,0.9595,1,0.995,0.76008,1.0407,0.63237,1.12736,0.00113889,0.00113889,0.00113889
66,62.7025,0.80538,0.6595,0.93206,0.96177,1,0.995,0.73892,1.00594,0.63846,1.08066,0.00113064,0.00113064,0.00113064
67,63.4205,0.85195,0.66221,0.94253,0.96177,1,0.995,0.73892,1.00594,0.63846,1.08066,0.00112239,0.00112239,0.00112239
68,64.4305,0.82541,0.66064,0.95652,0.93262,0.99249,0.995,0.70318,1.02094,0.68666,1.0849,0.00111414,0.00111414,0.00111414
69,65.4974,0.85344,0.66782,0.9345,0.93262,0.99249,0.995,0.70318,1.02094,0.68666,1.0849,0.00110589,0.00110589,0.00110589
70,66.749,0.85426,0.69804,0.96359,0.9345,1,0.995,0.73652,0.97608,0.67237,1.06433,0.00109764,0.00109764,0.00109764
71,68.2364,0.76505,0.6372,0.92243,0.9345,1,0.995,0.73652,0.97608,0.67237,1.06433,0.00108938,0.00108938,0.00108938
72,69.1108,0.82483,0.67776,0.93458,0.95983,0.99936,0.995,0.79972,0.9814,0.63678,1.07293,0.00108113,0.00108113,0.00108113
73,70.2219,0.83058,0.64452,0.93098,0.95983,0.99936,0.995,0.79972,0.9814,0.63678,1.07293,0.00107288,0.00107288,0.00107288
74,71.5748,0.77894,0.61811,0.91721,0.95597,0.99971,0.995,0.79106,0.97497,0.61809,1.08014,0.00106463,0.00106463,0.00106463
75,72.2497,0.79289,0.64205,0.91689,0.95597,0.99971,0.995,0.79106,0.97497,0.61809,1.08014,0.00105638,0.00105638,0.00105638
76,73.3142,0.79263,0.64086,0.93373,0.95894,1,0.995,0.78203,0.932,0.6559,1.04564,0.00104813,0.00104813,0.00104813
77,74.6187,0.79383,0.65251,0.92123,0.95894,1,0.995,0.78203,0.932,0.6559,1.04564,0.00103987,0.00103987,0.00103987
78,75.4027,0.85271,0.69173,0.92792,0.9586,0.99788,0.995,0.78229,0.94006,0.66868,1.0518,0.00103162,0.00103162,0.00103162
79,76.3883,0.8075,0.61521,0.90568,0.9586,0.99788,0.995,0.78229,0.94006,0.66868,1.0518,0.00102337,0.00102337,0.00102337
80,77.7239,0.74514,0.61966,0.90108,0.97205,0.95944,0.995,0.76886,1.0183,0.7186,1.11232,0.00101512,0.00101512,0.00101512
81,78.7642,0.77398,0.60594,0.91436,0.97205,0.95944,0.995,0.76886,1.0183,0.7186,1.11232,0.00100687,0.00100687,0.00100687
82,80.3902,0.79882,0.62019,0.93543,0.9762,0.95911,0.995,0.76863,1.02306,0.70096,1.1121,0.000998616,0.000998616,0.000998616
83,81.0878,0.75212,0.61186,0.91422,0.9762,0.95911,0.995,0.76863,1.02306,0.70096,1.1121,0.000990365,0.000990365,0.000990365
84,82.17,0.72817,0.58113,0.89445,0.95701,0.98093,0.995,0.78114,0.9336,0.65312,1.0482,0.000982113,0.000982113,0.000982113
85,83.5543,0.75023,0.58268,0.91856,0.95701,0.98093,0.995,0.78114,0.9336,0.65312,1.0482,0.000973861,0.000973861,0.000973861
86,84.2708,0.76504,0.60692,0.91762,0.9609,1,0.995,0.78892,0.91136,0.61338,1.05379,0.00096561,0.00096561,0.00096561
87,85.2845,0.78854,0.6217,0.90948,0.9609,1,0.995,0.78892,0.91136,0.61338,1.05379,0.000957358,0.000957358,0.000957358
88,86.7839,0.72854,0.5858,0.8987,0.96984,1,0.995,0.78917,0.9634,0.59281,1.10542,0.000949106,0.000949106,0.000949106
89,87.6009,0.76142,0.61793,0.92716,0.96984,1,0.995,0.78917,0.9634,0.59281,1.10542,0.000940855,0.000940855,0.000940855
90,88.8886,0.77735,0.61486,0.95342,0.96578,1,0.995,0.78862,0.91188,0.57124,1.08618,0.000932603,0.000932603,0.000932603
91,90.8685,0.74408,0.61221,0.91364,0.96578,1,0.995,0.78862,0.91188,0.57124,1.08618,0.000924352,0.000924352,0.000924352
92,91.4136,0.77034,0.62551,0.92462,0.97086,1,0.995,0.78046,0.90676,0.57365,1.04159,0.0009161,0.0009161,0.0009161
93,92.1064,0.73694,0.6019,0.91182,0.97086,1,0.995,0.78046,0.90676,0.57365,1.04159,0.000907848,0.000907848,0.000907848
94,92.8783,0.71032,0.57573,0.90692,0.97826,1,0.995,0.79227,0.82961,0.5456,1.01324,0.000899597,0.000899597,0.000899597
95,94.0492,0.70508,0.56443,0.90868,0.97826,1,0.995,0.79227,0.82961,0.5456,1.01324,0.000891345,0.000891345,0.000891345
96,95.6326,0.72148,0.55453,0.8785,0.97187,1,0.995,0.81331,0.83837,0.54843,1.00511,0.000883093,0.000883093,0.000883093
97,96.2945,0.78612,0.63641,0.93413,0.97187,1,0.995,0.81331,0.83837,0.54843,1.00511,0.000874842,0.000874842,0.000874842
98,97.1715,0.69332,0.53485,0.88188,0.97161,1,0.995,0.80777,0.80866,0.53753,0.99004,0.00086659,0.00086659,0.00086659
99,97.9368,0.65156,0.54966,0.88446,0.97161,1,0.995,0.80777,0.80866,0.53753,0.99004,0.000858338,0.000858338,0.000858338
100,98.9956,0.67086,0.56023,0.87388,0.95681,0.99453,0.995,0.74929,0.88706,0.54136,1.02102,0.000850087,0.000850087,0.000850087
101,100.33,0.68312,0.55432,0.89667,0.95681,0.99453,0.995,0.74929,0.88706,0.54136,1.02102,0.000841835,0.000841835,0.000841835
102,101.058,0.68813,0.55236,0.89176,0.95241,0.99136,0.995,0.73772,0.94067,0.54888,1.03894,0.000833583,0.000833583,0.000833583
103,101.924,0.67365,0.54347,0.90557,0.95241,0.99136,0.995,0.73772,0.94067,0.54888,1.03894,0.000825332,0.000825332,0.000825332
104,103.377,0.65789,0.56043,0.89851,0.9517,0.99122,0.995,0.72616,1.00469,0.56822,1.07218,0.00081708,0.00081708,0.00081708
105,104.424,0.69579,0.54643,0.90791,0.9517,0.99122,0.995,0.72616,1.00469,0.56822,1.07218,0.000808828,0.000808828,0.000808828
106,105.62,0.64476,0.54657,0.89576,0.95304,0.98908,0.995,0.72567,0.96262,0.58434,1.05331,0.000800577,0.000800577,0.000800577
107,106.798,0.66167,0.53178,0.87545,0.95304,0.98908,0.995,0.72567,0.96262,0.58434,1.05331,0.000792325,0.000792325,0.000792325
108,107.457,0.65208,0.56333,0.88332,0.95005,0.98984,0.995,0.75268,0.93197,0.56449,1.06712,0.000784073,0.000784073,0.000784073
109,108.34,0.63232,0.53188,0.87009,0.95005,0.98984,0.995,0.75268,0.93197,0.56449,1.06712,0.000775822,0.000775822,0.000775822
110,109.751,0.67977,0.54384,0.88915,0.96657,1,0.995,0.78666,0.9199,0.56586,1.0588,0.00076757,0.00076757,0.00076757
111,110.754,0.64269,0.52284,0.87176,0.96657,1,0.995,0.78666,0.9199,0.56586,1.0588,0.000759318,0.000759318,0.000759318
112,111.363,0.66549,0.56167,0.90568,0.97674,1,0.995,0.7775,0.89871,0.54934,1.03487,0.000751067,0.000751067,0.000751067
113,111.871,0.67393,0.5343,0.89613,0.97674,1,0.995,0.7775,0.89871,0.54934,1.03487,0.000742815,0.000742815,0.000742815
114,112.902,0.66076,0.55158,0.87261,0.98187,1,0.995,0.751,0.95779,0.53258,1.06881,0.000734564,0.000734564,0.000734564
115,114.263,0.63298,0.53739,0.88069,0.98187,1,0.995,0.751,0.95779,0.53258,1.06881,0.000726312,0.000726312,0.000726312
116,115.01,0.64906,0.54154,0.88691,0.98206,1,0.995,0.76846,0.904,0.51668,1.05563,0.00071806,0.00071806,0.00071806
117,115.966,0.63953,0.5676,0.90257,0.98206,1,0.995,0.76846,0.904,0.51668,1.05563,0.000709809,0.000709809,0.000709809
118,117.628,0.5891,0.51902,0.86962,0.9676,0.9951,0.995,0.79051,0.87077,0.51718,1.05379,0.000701557,0.000701557,0.000701557
119,118.338,0.60116,0.50594,0.87472,0.9676,0.9951,0.995,0.79051,0.87077,0.51718,1.05379,0.000693305,0.000693305,0.000693305
120,118.904,0.59042,0.52059,0.85668,0.97182,1,0.995,0.80563,0.89813,0.51068,1.06958,0.000685054,0.000685054,0.000685054
121,119.784,0.66989,0.51436,0.89646,0.97182,1,0.995,0.80563,0.89813,0.51068,1.06958,0.000676802,0.000676802,0.000676802
122,121.324,0.64207,0.50502,0.89074,0.97827,1,0.995,0.76708,0.8705,0.48711,1.03958,0.00066855,0.00066855,0.00066855
123,122.025,0.63493,0.50335,0.87065,0.97827,1,0.995,0.76708,0.8705,0.48711,1.03958,0.000660299,0.000660299,0.000660299
124,123.047,0.63017,0.53047,0.88302,0.98134,1,0.995,0.78442,0.89304,0.48641,1.04593,0.000652047,0.000652047,0.000652047
125,124.25,0.6494,0.51203,0.8659,0.98134,1,0.995,0.78442,0.89304,0.48641,1.04593,0.000643795,0.000643795,0.000643795
126,125.533,0.62837,0.53502,0.91106,0.98438,1,0.995,0.81133,0.89049,0.47727,1.04087,0.000635544,0.000635544,0.000635544
127,126.973,0.61228,0.50591,0.87648,0.98438,1,0.995,0.81133,0.89049,0.47727,1.04087,0.000627292,0.000627292,0.000627292
128,127.804,0.62302,0.51261,0.87815,0.97844,1,0.995,0.80879,0.88214,0.46993,1.04644,0.00061904,0.00061904,0.00061904
129,128.353,0.59734,0.50192,0.8875,0.97844,1,0.995,0.80879,0.88214,0.46993,1.04644,0.000610789,0.000610789,0.000610789
130,129.362,0.61084,0.47989,0.85713,0.97096,1,0.995,0.78748,0.88439,0.47657,1.04975,0.000602537,0.000602537,0.000602537
131,130.719,0.59032,0.47489,0.86524,0.97096,1,0.995,0.78748,0.88439,0.47657,1.04975,0.000594286,0.000594286,0.000594286
132,131.56,0.61939,0.49609,0.87304,0.95262,0.99982,0.995,0.77207,0.87027,0.48517,1.03351,0.000586034,0.000586034,0.000586034
133,132.685,0.61968,0.50944,0.90281,0.95262,0.99982,0.995,0.77207,0.87027,0.48517,1.03351,0.000577782,0.000577782,0.000577782
134,134.115,0.60347,0.50011,0.88196,0.95168,0.99513,0.995,0.81524,0.84206,0.48479,1.02078,0.000569531,0.000569531,0.000569531
135,134.843,0.62995,0.47453,0.87233,0.95168,0.99513,0.995,0.81524,0.84206,0.48479,1.02078,0.000561279,0.000561279,0.000561279
136,135.914,0.58579,0.50541,0.8713,0.95834,1,0.995,0.7915,0.8379,0.4834,1.01649,0.000553027,0.000553027,0.000553027
137,137.033,0.59128,0.48977,0.86973,0.95834,1,0.995,0.7915,0.8379,0.4834,1.01649,0.000544776,0.000544776,0.000544776
138,137.701,0.58325,0.48547,0.87473,0.96593,1,0.995,0.79549,0.86101,0.48737,1.04614,0.000536524,0.000536524,0.000536524
139,138.765,0.57226,0.4665,0.85855,0.96593,1,0.995,0.79549,0.86101,0.48737,1.04614,0.000528272,0.000528272,0.000528272
140,140.061,0.55397,0.47538,0.86495,0.97359,1,0.995,0.74158,0.92357,0.46903,1.09332,0.000520021,0.000520021,0.000520021
141,141.274,0.59278,0.48126,0.88426,0.97359,1,0.995,0.74158,0.92357,0.46903,1.09332,0.000511769,0.000511769,0.000511769
142,142.432,0.56822,0.48939,0.88548,0.97733,1,0.995,0.70771,0.9512,0.44952,1.12476,0.000503517,0.000503517,0.000503517
143,143.073,0.5403,0.45324,0.86471,0.97733,1,0.995,0.70771,0.9512,0.44952,1.12476,0.000495266,0.000495266,0.000495266
144,144.263,0.52149,0.46575,0.85911,0.97927,1,0.995,0.73766,0.91457,0.43891,1.08553,0.000487014,0.000487014,0.000487014
145,145.519,0.54539,0.4615,0.86205,0.97927,1,0.995,0.73766,0.91457,0.43891,1.08553,0.000478762,0.000478762,0.000478762
146,146.22,0.53492,0.46415,0.85086,0.98138,1,0.995,0.75827,0.90567,0.43109,1.04872,0.000470511,0.000470511,0.000470511
147,147.133,0.55934,0.47206,0.84922,0.98138,1,0.995,0.75827,0.90567,0.43109,1.04872,0.000462259,0.000462259,0.000462259
148,148.532,0.58131,0.47788,0.87865,0.9861,1,0.995,0.7817,0.89718,0.42803,1.04543,0.000454007,0.000454007,0.000454007
149,149.259,0.54958,0.46415,0.85222,0.9861,1,0.995,0.7817,0.89718,0.42803,1.04543,0.000445756,0.000445756,0.000445756
150,150.312,0.51984,0.46318,0.83793,0.99031,1,0.995,0.77432,0.88104,0.42592,1.05912,0.000437504,0.000437504,0.000437504
151,151.414,0.52461,0.45918,0.86647,0.99031,1,0.995,0.77432,0.88104,0.42592,1.05912,0.000429253,0.000429253,0.000429253
152,152.622,0.52972,0.48146,0.85762,0.98998,1,0.995,0.77605,0.88493,0.42735,1.07686,0.000421001,0.000421001,0.000421001
153,153.91,0.54102,0.49629,0.87222,0.98998,1,0.995,0.77605,0.88493,0.42735,1.07686,0.000412749,0.000412749,0.000412749
154,154.621,0.5371,0.46353,0.86029,0.99003,1,0.995,0.79435,0.8562,0.42053,1.06405,0.000404498,0.000404498,0.000404498
155,155.585,0.51005,0.44416,0.86792,0.99003,1,0.995,0.79435,0.8562,0.42053,1.06405,0.000396246,0.000396246,0.000396246
156,156.413,0.50665,0.42907,0.84135,0.99056,1,0.995,0.80335,0.84063,0.42509,1.04718,0.000387994,0.000387994,0.000387994
157,157.127,0.54197,0.44935,0.86555,0.99056,1,0.995,0.80335,0.84063,0.42509,1.04718,0.000379743,0.000379743,0.000379743
158,157.842,0.57676,0.49159,0.88537,0.98758,1,0.995,0.80038,0.8403,0.42561,1.04583,0.000371491,0.000371491,0.000371491
159,158.767,0.51794,0.46051,0.86108,0.98758,1,0.995,0.80038,0.8403,0.42561,1.04583,0.000363239,0.000363239,0.000363239
160,160.035,0.51723,0.45103,0.84843,0.9838,1,0.995,0.81411,0.82563,0.40549,1.04649,0.000354988,0.000354988,0.000354988
161,160.72,0.55726,0.45392,0.84897,0.9838,1,0.995,0.81411,0.82563,0.40549,1.04649,0.000346736,0.000346736,0.000346736
162,161.275,0.51805,0.4676,0.87557,0.98231,1,0.995,0.80638,0.82618,0.40387,1.05429,0.000338484,0.000338484,0.000338484
163,162.118,0.54137,0.47152,0.87268,0.98231,1,0.995,0.80638,0.82618,0.40387,1.05429,0.000330233,0.000330233,0.000330233
164,163.471,0.55601,0.48718,0.87073,0.98252,1,0.995,0.80668,0.83069,0.40306,1.05708,0.000321981,0.000321981,0.000321981
165,164.161,0.56506,0.49103,0.89511,0.98252,1,0.995,0.80668,0.83069,0.40306,1.05708,0.000313729,0.000313729,0.000313729
166,165.429,0.52128,0.42656,0.83717,0.98379,1,0.995,0.81171,0.83668,0.40736,1.05282,0.000305478,0.000305478,0.000305478
167,166.883,0.50777,0.44487,0.85583,0.98379,1,0.995,0.81171,0.83668,0.40736,1.05282,0.000297226,0.000297226,0.000297226
168,167.63,0.50693,0.44061,0.86763,0.98745,1,0.995,0.79958,0.81161,0.3994,1.04403,0.000288974,0.000288974,0.000288974
169,168.643,0.52648,0.44049,0.86183,0.98745,1,0.995,0.79958,0.81161,0.3994,1.04403,0.000280723,0.000280723,0.000280723
170,170.491,0.53547,0.44253,0.85673,0.99061,1,0.995,0.79917,0.7975,0.39915,1.04537,0.000272471,0.000272471,0.000272471
171,171.163,0.54113,0.44797,0.86881,0.99061,1,0.995,0.79917,0.7975,0.39915,1.04537,0.00026422,0.00026422,0.00026422
172,172.318,0.49663,0.43669,0.84017,0.99102,1,0.995,0.78298,0.8062,0.39905,1.05438,0.000255968,0.000255968,0.000255968
173,173.361,0.52555,0.43443,0.8674,0.99102,1,0.995,0.78298,0.8062,0.39905,1.05438,0.000247716,0.000247716,0.000247716
174,174.006,0.50844,0.4424,0.84715,0.99119,1,0.995,0.78297,0.82389,0.40017,1.06038,0.000239465,0.000239465,0.000239465
175,174.92,0.51326,0.445,0.85923,0.99119,1,0.995,0.78297,0.82389,0.40017,1.06038,0.000231213,0.000231213,0.000231213
176,176.334,0.56384,0.45838,0.8554,0.99116,1,0.995,0.82144,0.82939,0.4022,1.05946,0.000222961,0.000222961,0.000222961
177,177.064,0.5218,0.44381,0.83964,0.99116,1,0.995,0.82144,0.82939,0.4022,1.05946,0.00021471,0.00021471,0.00021471
178,178.255,0.47095,0.41636,0.84774,0.9889,1,0.995,0.82143,0.81924,0.40065,1.04366,0.000206458,0.000206458,0.000206458
179,179.609,0.46436,0.4127,0.85176,0.9889,1,0.995,0.82143,0.81924,0.40065,1.04366,0.000198206,0.000198206,0.000198206
180,180.335,0.4815,0.41411,0.84679,0.98567,1,0.995,0.83001,0.78718,0.39575,1.02538,0.000189955,0.000189955,0.000189955
181,180.878,0.47139,0.4119,0.84926,0.98567,1,0.995,0.83001,0.78718,0.39575,1.02538,0.000181703,0.000181703,0.000181703
182,182.178,0.49015,0.43664,0.85555,0.98539,1,0.995,0.83725,0.76901,0.38548,1.0172,0.000173451,0.000173451,0.000173451
183,183.091,0.50604,0.41063,0.82688,0.98539,1,0.995,0.83725,0.76901,0.38548,1.0172,0.0001652,0.0001652,0.0001652
184,184.454,0.47853,0.42245,0.84826,0.98474,1,0.995,0.80969,0.76899,0.3806,1.01914,0.000156948,0.000156948,0.000156948
185,185.261,0.51661,0.42323,0.85771,0.98474,1,0.995,0.80969,0.76899,0.3806,1.01914,0.000148696,0.000148696,0.000148696
186,186.566,0.47146,0.41298,0.84515,0.98333,1,0.995,0.81264,0.77335,0.38064,1.02448,0.000140445,0.000140445,0.000140445
187,187.841,0.47014,0.42184,0.85161,0.98333,1,0.995,0.81264,0.77335,0.38064,1.02448,0.000132193,0.000132193,0.000132193
188,188.988,0.5153,0.43421,0.88822,0.98289,1,0.995,0.8133,0.78251,0.38089,1.03042,0.000123941,0.000123941,0.000123941
189,190.222,0.48805,0.43737,0.86551,0.98289,1,0.995,0.8133,0.78251,0.38089,1.03042,0.00011569,0.00011569,0.00011569
190,191.344,0.4669,0.43075,0.8357,0.98269,1,0.995,0.81967,0.79316,0.3829,1.03696,0.000107438,0.000107438,0.000107438
191,195.488,0.51107,0.53435,0.83774,0.98269,1,0.995,0.81967,0.79316,0.3829,1.03696,9.91865e-05,9.91865e-05,9.91865e-05
192,197.567,0.44741,0.44905,0.83213,0.9806,1,0.995,0.8133,0.79568,0.38784,1.04311,9.09349e-05,9.09349e-05,9.09349e-05
193,198.358,0.43351,0.42081,0.80882,0.9806,1,0.995,0.8133,0.79568,0.38784,1.04311,8.26832e-05,8.26832e-05,8.26832e-05
194,199.566,0.44739,0.48299,0.80759,0.98133,1,0.995,0.81382,0.79906,0.38954,1.04844,7.44316e-05,7.44316e-05,7.44316e-05
195,201.155,0.42505,0.46554,0.82837,0.98133,1,0.995,0.81382,0.79906,0.38954,1.04844,6.61799e-05,6.61799e-05,6.61799e-05
196,202.328,0.42416,0.43147,0.80125,0.98288,1,0.995,0.81908,0.80675,0.39529,1.05453,5.79283e-05,5.79283e-05,5.79283e-05
197,203.637,0.42989,0.42639,0.81101,0.98288,1,0.995,0.81908,0.80675,0.39529,1.05453,4.96766e-05,4.96766e-05,4.96766e-05
198,204.626,0.41252,0.42631,0.81741,0.98443,1,0.995,0.8005,0.81226,0.39785,1.05857,4.1425e-05,4.1425e-05,4.1425e-05
199,205.399,0.45145,0.44446,0.83481,0.98443,1,0.995,0.8005,0.81226,0.39785,1.05857,3.31733e-05,3.31733e-05,3.31733e-05
200,206.473,0.43505,0.45544,0.7939,0.98414,1,0.995,0.80084,0.8185,0.40531,1.06289,2.49217e-05,2.49217e-05,2.49217e-05
